ナンバー,施設名,所在地,緯度,経度
1,佐久間歯科医院,村上市岩船上町4-30,38.190235,139.437775
2,高原歯科医院,村上市塩町1-15,38.226555,139.477432
3,緑町歯科クリニック,村上市緑町4-2-73,38.21907,139.457352
4,中野歯科医院,村上市飯野3-10-11,38.220379,139.469803
5,いいの歯科医院,村上市飯野2-5-6,38.22147,139.47435
6,新町歯科医院,村上市新町2-46,38.225632,139.484314
7,丹田矯正歯科,村上市田端町10-8 清水屋ﾋﾞﾙ2階,38.220745,139.4655
8,ふじかわ歯科,村上市仲間町518-70,38.216835,139.485565
9,さとう歯科クリニック,村上市田端町8-10,38.219292,139.465057
10,いわふね歯科クリニック,村上市岩船上町1-16,38.192665,139.43779
11,まきの歯科医院,村上市新町15-15,38.22356,139.492279
12,渡辺歯科医院,村上市羽黒町11-15,38.216949,139.474274
13,お城山歯科クリニック,村上市新町9-86,38.223846,139.489548
14,前川歯科クリニック,村上市羽ｹ榎185,38.122448,139.450104
15,加藤歯科クリニック,村上市山口468-1,38.124027,139.442368
16,鈴木歯科医院,村上市長政253,38.10342,139.427338
17,藤原歯科診療所,村上市岩船駅前30-8,38.182468,139.456421
18,さくらい歯科クリニック,村上市北新保字正樹院屋敷571-55,38.168171,139.437149
19,あさひ歯科医院,村上市岩沢5564-1,38.266048,139.531906
20,エクセレント歯科クリニック村上医院,村上市猿沢2586-1,38.282295,139.520935
21,本図歯科医院,村上市府屋176-143,38.514324,139.533585
22,医療法人 徳真会 松村歯科関川診療所,関川村大字下関字宮越1417-1,38.083347,139.555481
23,おおしま歯科医院,村上市上片町3-30,38.228302,139.49118
24,関川ファミリー歯科 阿部医院,関川村大字下関891-1,38.083347,139.555481
25,あらかわ歯科クリニック,村上市坂町1569-2,38.114491,139.445465
26,赤松歯科医院,新発田市月岡温泉590,37.881218,139.31073
27,阿部矯正歯科医院,新発田市緑町2-16-23,37.960625,139.333496
28,有田歯科医院,新発田市大栄町3-3-18,37.944,139.323471
29,飯島歯科医院,新発田市下羽津2112-1,37.92717,139.392258
30,石井歯科クリニック,新発田市豊町4-5-3,37.940746,139.340591
31,石橋歯科医院,新発田市大字三日市473-3,37.964245,139.362595
32,稲富歯科医院,新発田市城北町3-8-2,37.962845,139.318604
33,うがむら歯科医院,新発田市緑町1-13-21-3,37.961033,139.330933
34,遠藤歯科クリニック,新発田市荒町甲1456-3,37.931179,139.321411
35,大平歯科医院,新発田市御幸町2-4-6,37.947731,139.318115
36,おぐま歯科医院,新発田市本町2丁目8-17,37.950562,139.332642
37,片桐歯科医院,新発田市中曽根町3丁目13-4,37.961952,139.309219
38,片山歯科医院,新発田市豊町2-1-20,37.942169,139.335236
39,河内歯科医院,新発田市稲荷岡2068,38.016861,139.324432
40,北村歯科医院,新発田市下飯塚82,37.913944,139.302368
41,木戸歯科医院,新発田市舟入町2-5-4,37.956562,139.308792
42,キフネ歯科医院,新発田市住吉町3-3-30,37.950867,139.308472
43,貴船歯科クリニック,新発田市大手町5-2-12,37.9548,139.327362
44,休日救急歯科診療所,新発田市本町1丁目16番14号,37.946014,139.336395
45,くまくら歯科医院,新発田市大栄町2-2-20,37.944485,139.326233
46,小宮歯科医院,新発田市住吉町4-2-20,37.947098,139.313477
47,斎藤歯科医院,新発田市稲荷岡2400-5,38.013077,139.321014
48,齋藤デンタルクリニック,新発田市東新町4-8-18-7,37.947163,139.347839
49,佐藤歯科医院,新発田市下小中山1024,38.018883,139.380829
50,佐藤歯科医院,新発田市大手町2-5-2,37.950878,139.321594
51,歯科小林クリニック,新発田市小舟町2-1-21,37.968132,139.328262
52,白勢歯科医院,新発田市諏訪町1-4-9,37.945965,139.331268
53,スズキ歯科医院,新発田市緑町2-4-12,37.959805,139.337326
54,鈴木歯科医院,新発田市中央町4丁目11-15,37.952614,139.327667
55,田上歯科医院,新発田市五十公野5083-3,37.926281,139.355545
56,田崎歯科医院,新発田市上館甲701,37.970776,139.377319
57,豊島歯科医院,新発田市中央町1-1-2,37.947083,139.330276
58,長島歯科医院,新発田市中央町1-3-6,37.947639,139.328537
59,西方歯科医院,新発田市大手町2-9-10,37.951309,139.319168
60,西方歯科診療所,新発田市大栄町3丁目1番16号,37.94334,139.325623
61,布村歯科医院,新発田市大栄町6-6-21,37.939445,139.324387
62,野田歯科医院,新発田市佐々木164,37.952335,139.263901
63,ハート歯科クリニック,新発田市中曽根町1-3-10,37.959957,139.31662
64,HARADA DENTAL CLINIC,新発田市豊町2丁目6番27号,37.940132,139.338135
65,星野歯科医院,新発田市住吉町4丁目19番2号,37.941498,139.311569
66,まるやま歯科医院,新発田市富塚町1-24-15,37.944611,139.303391
67,村山歯科医院,新発田市大栄町7-1-8,37.94627,139.327148
68,メディケア歯科クリニック,新発田市住吉町5丁目11番5号ｲｵﾝﾓｰﾙ新発田1階,37.941456,139.309586
69,柳川歯科医院,新発田市新富町1-5-10,37.954685,139.336807
70,山崎歯科医院,新発田市大手町2-2-2,37.951427,139.322556
71,山田歯科医院,新発田市中央町1-6-19,37.949715,139.328735
72,山城歯科医院,新発田市西園町3-1-33,37.95472,139.320465
73,いいじま歯科クリニック,新発田市新栄町2丁目2番3号,37.951328,139.299286
74,アイザワ歯科医院,阿賀野市北本町4-5,37.840878,139.227127
75,阿部歯科医院,阿賀野市外城町17-32,37.836201,139.234695
76,猪股歯科医院,阿賀野市岡山町13-37,37.833477,139.223114
77,かねこ歯科医院,阿賀野市百津町4-29,37.82888,139.218307
78,京ヶ瀬歯科医院,阿賀野市姥ｹ橋998-1,37.842884,139.186172
79,こばやし歯科医院,阿賀野市榎舟渡111,37.879055,139.240341
80,斎藤歯科医院,阿賀野市中央町1-11-22,37.838463,139.228882
81,さの歯科クリニック,阿賀野市保田1768-1,37.773476,139.234467
82,医療法人厚徳会まつむらデンタルクリニック,阿賀野市百津町9-36,37.827503,139.226807
83,たかはし歯科クリニック,阿賀野市中島町7-4,37.834873,139.227478
84,冨田歯科医院,阿賀野市中央町1-5-1,37.840557,139.23024
85,にらさわ歯科医院,阿賀野市中央町2-13-14,37.839676,139.221817
86,緑岡歯科医院,阿賀野市緑岡3-1,37.841305,139.188034
87,山浦歯科医院,阿賀野市寺社甲160-3,37.784607,139.229904
88,よしだ歯科医院,阿賀野市山口1-6-8,37.847195,139.213837
89,有松歯科医院,胎内市大川町14-49,38.049568,139.40657
90,黒川歯科診療所,胎内市黒川1410番地,38.073917,139.440308
91,小林歯科医院,胎内市東本町22-27,38.057743,139.411224
92,斎藤歯科医院,胎内市住吉町10-12,38.06245,139.410217
93,佐藤歯科クリニック,胎内市本郷546-5,38.060455,139.398132
94,新栄町歯科医院,胎内市新栄町2-54,38.049133,139.402359
95,鈴木歯科医院,胎内市本町1-19,38.052757,139.402878
96,丹呉歯科医院,胎内市本町2-26,38.053177,139.403763
97,NOZAWA DentalClinic 野沢歯科医院,胎内市東本町1-4,38.053825,139.403885
98,舟山歯科医院,胎内市乙719-5,38.116982,139.406067
99,村山歯科医院,胎内市東本町21-13,38.057983,139.41304
100,さとう歯科医院,聖籠町藤寄1361-22,37.956005,139.239395
101,鈴木歯科医院,聖籠町諏訪山1646-8,37.973797,139.274612
102,にしかた歯科医院,聖籠町大字大夫2180-6,37.965279,139.282623
103,みどり歯科,聖籠町諏訪山1118-1,37.974323,139.275314
104,胎内ついじ歯科医院,胎内市築地2025-1,38.059566,139.356979
105,笹川歯科医院,五泉市泉町1-4-12,37.741669,139.171692
106,浅井歯科医院,五泉市駅前2-6-12,37.735229,139.181595
107,長谷川歯科医院,五泉市伊勢の川4-13,37.747749,139.174667
108,亀嶋歯科医院,五泉市本町2-3-30,37.740303,139.17598
109,河辺歯科医院,五泉市東本町2-8-44,37.740658,139.182007
110,武田歯科クリニック,五泉市木越1998-1,37.717278,139.183197
111,はらだ歯科医院,五泉市本町1-9-7,37.736095,139.177261
112,川上歯科,五泉市論瀬5975-14,37.746986,139.204636
113,小林歯科医院,五泉市東本町2-5-4,37.741093,139.180939
114,あおば歯科,五泉市赤海字下島841-1,37.741669,139.193085
115,わたなべ歯科クリニック,五泉市南本町2丁目3-12,37.73127,139.176865
116,佐藤歯科医院,五泉市村松乙633,37.690784,139.167587
117,鈴木歯科医院,五泉市村松甲2583-1,37.684532,139.172745
118,いいはま歯科クリニック,五泉市村松甲2190-1,37.684532,139.172745
119,大歯科医院,五泉市三本木早出3033,37.749847,139.183365
120,加藤歯科医院,五泉市旭町8-33,37.747082,139.180923
121,あこみ歯科クリニック,五泉市赤海2丁目156-4,37.73587,139.192398
122,鈴木歯科医院,阿賀町津川3540,37.68256,139.455505
123,倉田歯科医院,阿賀町津川3548,37.68256,139.455505
124,岡村歯科医院,阿賀町津川3357-1,37.682812,139.452148
125,医療法人厚徳会まつむらデンタルクリニック津川診療所,阿賀町津川674,37.675423,139.461716
126,小野里歯科医院,阿賀町津川576-1,37.676025,139.458664
127,阿賀町鹿瀬歯科診療所,阿賀町向鹿瀬1154,37.700062,139.481934
128,三川インターデンタルクリニック,阿賀町あが野南4324-14,37.71032,139.36673
129,上川歯科診療所,阿賀町両郷2150番地,37.636635,139.467056
130,金丸歯科医院,五泉市駅前2-7-52,37.733837,139.183563
131,あいば歯科医院,三条市桜木町26-5,37.61887,138.946671
132,あおぞら歯科クリニック,三条市新保232-1,37.613045,138.962067
133,青葉デンタルクリニック,三条市西本成寺1丁目24番25号,37.620041,138.941559
134,青栁歯科医院,三条市西四日町4-14-16,37.621269,138.951416
135,旭町歯科クリニック,三条市旭町2-2-26,37.635326,138.96138
136,市川歯科医院,三条市東裏館2-10-11,37.636021,138.958344
137,一ノ木戸大渓歯科医院,三条市一ﾉ門2-4-43,37.630939,138.967407
138,駅南歯科小林,三条市西大崎1-5-55,37.625793,138.985977
139,大滝歯科医院,三条市荻堀742-1,37.571781,139.033508
140,おかべ歯科医院,三条市月岡1-26-54,37.613483,138.971741
141,きずな歯科クリニック,三条市南四日町1丁目5番7-1号,37.623077,138.956207
142,北入蔵歯科ワタナベ,三条市北入蔵1丁目3-16,37.631462,138.980972
143,桐生歯科医院,三条市三竹2丁目4番31-3号,37.625748,138.981613
144,くまがい歯科医院,三条市林町2-2-5,37.632824,138.965027
145,桑原歯科医院,三条市本町3丁目4-1,37.630489,138.955933
146,後藤歯科医院,三条市南新保4番18号,37.621174,138.959946
147,小林歯科クリニック,三条市荒町2丁目22番17号,37.640331,138.953217
148,小山歯科医院,三条市福島新田乙1372-16,37.599392,138.929245
149,こもれびの森歯科医院,三条市荒町2丁目25番70号,37.642483,138.955612
150,近藤歯科医院,三条市島田2丁目7-18,37.625988,138.945374
151,佐藤歯科医院,三条市旭町1-6-4,37.631359,138.960876
152,佐藤歯科診療所,三条市本町4-2-28,37.629726,138.953491
153,歯科榎本医院,三条市一ﾉ門2-8-15,37.62994,138.969818
154,しただ歯科,三条市大字荻堀字七ﾂ新田1275-2,37.571781,139.033508
155,じろう歯科診療所,三条市長野337,37.53149,139.121094
156,土田歯科矯正歯科医院,三条市島田2-7-1,37.626457,138.946609
157,ナオ歯科,三条市北入蔵1-1-1,37.631355,138.978745
158,新光歯科クリニック,三条市新光町14-1,37.641434,138.966934
159,日本歯科大学在宅ケア新潟クリニック,三条市須頃1丁目65番地,37.647243,138.936234
160,野島歯科医院,三条市元町18番3号,37.633087,138.955414
161,はなみ矯正歯科,三条市上須頃597,37.635864,138.936752
162,羽生歯科医院,三条市塚野目4丁目13-5,37.636982,138.974747
163,林町歯科医院,三条市林町2-14-3,37.636433,138.966751
164,東三条歯科,三条市東三条1-18-9,37.628338,138.97226
165,ファミリー歯科診療所,三条市西裏館2-4-21,37.636795,138.955856
166,ふるかわ歯科医院,三条市石上2-14-15,37.644432,138.954697
167,星野歯科医院,三条市西大崎1-20-22,37.621117,138.986465
168,本成寺歯科クリニック,三条市東本成寺488-1,37.614292,138.947983
169,森山歯科医院,三条市本町5-1-10,37.630253,138.952591
170,やちだ歯科医院,三条市上保内乙216番地2,37.639847,139.012955
171,横山歯科医院,三条市島田2-6-25,37.626534,138.943527
172,吉野矯正歯科,三条市東三条1-5-1 川商ﾋﾞﾙ4のA,37.631371,138.972397
173,嵐南歯科金子,三条市南四日町4丁目11-48,37.617733,138.952728
174,川崎歯科医院,三条市本町2丁目4-1,37.630108,138.956909
175,こころ歯科県央クリニック,三条市上須頃1597番地1ﾒﾃﾞｨｶﾙﾌﾟﾗｻﾞ21 3階2号室,37.636944,138.937607
176,田巻歯科医院,三条市元町2-29,37.631405,138.955353
177,愛育デンタルクリニック矯正歯科・小児歯科,三条市東裏館1丁目9番5号,37.633163,138.95575
178,あおやぎ歯科医院,加茂市大字下条甲503番地16,37.658276,139.027054
179,ささおか歯科医院,加茂市寿町20-18,37.658379,139.043335
180,上条渡辺歯科医院,加茂市上条4番36号,37.658123,139.062714
181,すぎもと歯科,加茂市五番町4-6,37.656879,139.06073
182,武内歯科医院,加茂市旭町10-18,37.659603,139.043884
183,永井こども歯科医院,加茂市新栄町2番2号,37.6646,139.041412
184,皆川歯科医院,加茂市穀町6-17,37.659809,139.053009
185,米山歯科医院,加茂市旭町13-25,37.660465,139.042404
186,ロイヤル歯科クリニック,加茂市駅前5番18号 2階,37.658951,139.051132
187,渡辺歯科医院,加茂市松坂町2-24,37.658161,139.052063
188,さくま歯科医院,加茂市幸町1-12-14,37.663155,139.044418
189,東町歯科医院,燕市吉田東町3257-4,37.695625,138.881454
190,いからし歯科医院,燕市東太田2971番地1,37.669083,138.914597
191,石田歯科医院,燕市吉田日之出町2-11,37.686165,138.879257
192,井手口歯科クリニック,燕市東太田7047番,37.669083,138.914597
193,いとう歯科医院,燕市横田519-3,37.626907,138.882324
194,江村歯科医院,燕市八王寺703,37.645,138.920319
195,奥山歯科医院,燕市杣木3167-1,37.677166,138.905563
196,亀倉歯科医院,燕市吉田堤町11-5,37.688229,138.8797
197,河田歯科醫院,燕市吉田本所字本地99-3,37.697727,138.87851
198,県央ランドマーク歯科,燕市南7丁目17番9-5号,37.657669,138.935593
199,小司歯科医院,燕市吉田東栄町51-17,37.680878,138.876892
200,齋藤歯科医院,燕市秋葉町4-6-27,37.663246,138.915649
201,佐藤歯科医院,燕市分水文京町2-1,37.634815,138.842438
202,さとう歯科クリニック,燕市吉田文京町2-15,37.70166,138.881256
203,さとう歯科クリニック,燕市井土巻5丁目33,37.65237,138.938477
204,七里歯科医院,燕市南1-16-13,37.659702,138.924835
205,篠原歯科医院,燕市中央通3丁目6-20,37.668362,138.933182
206,親水公園前歯科,燕市吉田下中野3406,37.677677,138.87442
207,高井歯科医院,燕市秋葉町3-7-23,37.661274,138.918198
208,高桑歯科医院,燕市新町2-37,37.66391,138.931442
209,タグチ歯科医院,燕市新興野8番33号,37.625107,138.852798
210,田邊歯科医院,燕市大川津1126-10,37.607101,138.84198
211,筒井歯科医院,燕市本町2丁目3番10号,37.666332,138.928665
212,デンタルクリニックツチヤ,燕市吉田3751,37.699081,138.884384
213,とさかデンタルクリニック,燕市井土巻2丁目237番地,37.652771,138.932007
214,なかじま歯科医院,燕市分水学校町一丁目1番19号,37.627514,138.845825
215,はすみ歯科医院,燕市道金860-1,37.639137,138.912384
216,歯のお医者さんしらとり,燕市吉田3738-2,37.694321,138.885544
217,穂苅歯科医院,燕市笈ｹ島1223-1,37.627632,138.852859
218,本多歯科医院,燕市白山町1-1-14,37.665295,138.919861
219,美樹歯科クリニック,燕市水道町4丁目484-1,37.659702,138.911011
220,八子歯科医院,燕市五千石3649-1,37.620754,138.840866
221,よしだ歯科クリニック,燕市吉田浜首町29-18,37.691959,138.870209
222,渡部歯科医院,燕市吉田2780-2,37.693611,138.886734
223,わたべ歯科クリニック,燕市東太田1204-2,37.678585,138.936035
224,めぐみデンタルクリニック,燕市秋葉町1丁目8番11号,37.66151,138.922699
225,みや歯科医院,燕市地蔵堂本町3丁目6番1号,37.627495,138.842422
226,Bookmark Dental Clinic,燕市吉田2748-1,37.694321,138.885544
227,川名歯科医院,田上町大字川船河甲1073-17,37.679783,139.061264
228,櫻木歯科医院,田上町田上丙1209-8,37.712906,139.073029
229,潤歯科,田上町大字原ヶ崎新田2019-4,37.696651,139.062775
230,瀬髙歯科医院,田上町大字田上字横山丙2494-6,37.706715,139.068985
231,ひまわり歯科医院,田上町大字田上丁2402-49,37.70314,139.066727
232,大橋歯科医院,弥彦村矢作柿ﾉ浦7435,37.692013,138.856781
233,田村歯科医院,弥彦村弥彦2566-3,37.70446,138.829651
234,あおば歯科クリニック,長岡市希望が丘1-7-1,37.442448,138.810486
235,青葉台歯科医院,長岡市青葉台1-甲120-8,37.446327,138.749207
236,あかしば矯正歯科クリニック,長岡市大手通1-4-1ﾎﾞﾜｰﾙﾋﾞﾙ3階,37.446819,138.851379
237,あけぼの歯科,長岡市曙1丁目3-21,37.426079,138.84874
238,阿部歯科医院,長岡市本町1-3-1,37.448162,138.845581
239,阿部歯科医院,長岡市江陽1-2-28,37.474689,138.838013
240,いだ歯科医院,長岡市古正寺3-20,37.457733,138.823471
241,今井歯科医院,長岡市水道町4-2-25,37.457802,138.84613
242,入江歯科医院,長岡市本町2-4-24,37.450832,138.846817
243,上野歯科医院,長岡市高見1-7-9,37.499954,138.867569
244,大竹矯正歯科医院,長岡市台町2-1-26,37.445248,138.855759
245,大平歯科医院,長岡市船江町3-11,37.448875,138.844803
246,大塚歯科医院,長岡市坂之上町3-3-10,37.451275,138.850952
247,大野歯科医院,長岡市藤橋1-284-1,37.428688,138.786133
248,要町歯科,長岡市要町2-8-6,37.428547,138.840805
249,萱中歯科医院,長岡市関東町1-9,37.451599,138.851852
250,かさい歯科医院,長岡市三和3丁目8-3,37.433468,138.837418
251,かりや歯科医院,長岡市東神田1-3-23,37.455872,138.862198
252,神田歯科,長岡市神田町1-1-7,37.453602,138.852646
253,神成歯科医院,長岡市中島6-1-4,37.454414,138.850601
254,北島歯科医院,長岡市宮内2-8-6,37.419991,138.840668
255,鞍立歯科医院,長岡市本町2-3-2,37.450687,138.847321
256,小海歯科医院,長岡市曲新町542-1,37.421329,138.846405
257,小林歯科クリニック,長岡市今朝白2-8-5,37.448692,138.85849
258,駒形歯科クリニック,長岡市川崎6-1349-3,37.454578,138.874924
259,斉藤歯科医院,長岡市長町1-3-9,37.454147,138.854034
260,さいとう歯科,長岡市新組町字筒場2196-3,37.49934,138.874069
261,さくら歯科,長岡市浦瀬町478-2,37.467464,138.903595
262,沢矯正歯科医院,長岡市城内町2-6-13,37.448887,138.852859
263,しぶや歯科医院,長岡市川崎町581-4,37.457932,138.867767
264,しみず歯科医院,長岡市東蔵王2-6-12,37.47176,138.855453
265,すずき歯科医院,長岡市巻島2-5-1,37.481152,138.835632
266,関歯科医院,長岡市山田1-8-10,37.445621,138.841064
267,そりまち歯科医院,長岡市宝1-2-21,37.480957,138.857178
268,たかはし歯科医院,長岡市蓮潟1-17-12,37.46521,138.820465
269,高橋小児歯科医院,長岡市大手通1-5-2ﾀｶﾉﾋﾞﾙ4階,37.447548,138.851273
270,田村歯科医院,長岡市関原町1-1060-4,37.452606,138.776794
271,田村歯科クリニック,長岡市泉町1-2-1,37.463856,138.853714
272,中川歯科医院,長岡市城内町2-5-2,37.449085,138.852097
273,なかじま歯科クリニック,長岡市西宮内2-33,37.428108,138.836838
274,中野歯科医院,長岡市大山2-3-10,37.441154,138.817581
275,永井歯科医院,長岡市新町1-1-8,37.459732,138.855713
276,一般社団法人長岡歯科医師会長岡休日急患歯科診療所,長岡市幸町2-1-1,37.435719,138.839935
277,ながおか歯科,長岡市柏町1-4-22,37.443569,138.847305
278,長束歯科医院,長岡市大島本町4-106-1,37.44413,138.819931
279,のざき歯科医院,長岡市下山5-88-5,37.436352,138.816177
280,ひまわり歯科,長岡市川崎2-2478-1,37.451672,138.867157
281,ブレス・デザインデンタルオフィス,長岡市殿町2丁目3-12,37.445293,138.850082
282,堀歯科医院,長岡市神田町2-1-19,37.456032,138.853714
283,ほりきり歯科医院,長岡市古正寺3-254,37.459286,138.819244
284,長岡デンタルオフィス,長岡市千秋2丁目278番地,37.460854,138.827026
285,松井歯科医院,長岡市中島7-3-36,37.459576,138.850281
286,まつだ歯科医院,長岡市十日町字西野々1009-2,37.384647,138.838257
287,医療法人厚徳会まつむら第二歯科,長岡市東栄1-2-33,37.458549,138.863525
288,医療法人徳真会松村歯科長岡診療所,長岡市古正寺町29-3,37.452686,138.819
289,丸山歯科クリニック,長岡市関原町3-乙14,37.455475,138.7686
290,三井田歯科医院,長岡市花園2-8-15,37.435005,138.860016
291,みどり町歯科医院,長岡市緑町1-86-33,37.451736,138.821426
292,山下歯科医院,長岡市中沢4-342,37.440945,138.873505
293,やまだ歯科医院,長岡市上除町甲3591‐52,37.450233,138.782059
294,山田歯科医院,長岡市表町1-4-1,37.447784,138.847717
295,山田歯科クリニック,長岡市土合5-8-23,37.437809,138.855774
296,やまもと歯科医院,長岡市新保3-1-48,37.464909,138.866623
297,ゆきの歯科医院,長岡市高畑町76-1,37.424023,138.866791
298,横山歯科医院,長岡市摂田屋1-2-63,37.411152,138.844986
299,吉川歯科医院,長岡市川崎町字山崎765-1,37.461678,138.865875
300,吉原歯科クリニック,長岡市南七日町30-8,37.443962,138.800034
301,米山歯科医院,長岡市大島本町5-114-3,37.445103,138.818726
302,ワキヤ歯科医院,長岡市城内町3丁目字観光院町甲893-36丸山ﾋﾞﾙ3階,37.450153,138.853699
303,中之島歯科診療所,長岡市中之島225-1,37.544094,138.879868
304,長岡市山古志歯科診療所,長岡市山古志竹沢甲2835,37.324604,138.882782
305,長岡市小国歯科診療所,長岡市小国町七日町2607-6,37.317764,138.726242
306,かわうち歯科医院,長岡市脇野町2136,37.498974,138.783661
307,和田歯科医院,長岡市三島新保字杉ﾉ木3082,37.491768,138.801041
308,すずらん歯科医院,長岡市来迎寺白山2394,37.390301,138.779739
309,永井歯科医院,長岡市来迎寺3862,37.394798,138.784164
310,さかいデンタルクリニック,長岡市金町2-3-27,37.481167,138.994522
311,小坂井歯科医院,長岡市与板町江西3-1-12,37.535236,138.815811
312,丸山歯科医院,長岡市与板町与板甲1,37.541046,138.810989
313,おぐろ歯科医院,長岡市寺泊吉364-8,37.634789,138.783966
314,桐原歯科医院,長岡市寺泊五分一2862-1,37.600311,138.790466
315,桑原歯科医院,長岡市寺泊白岩7220-3,37.657505,138.774933
316,コロニーにいがた白岩の里歯科診療所,長岡市寺泊藪田6789-4,37.658684,138.78595
317,歯科斎藤医院,長岡市寺泊北曽根大溜2167-1,37.621857,138.823883
318,小見歯科医院,長岡市東川口1979-63,37.273361,138.856583
319,大原歯科医院,見附市坂井町1702,37.567551,138.89151
320,金子歯科医院,見附市学校町2-1-58,37.532757,138.92009
321,金安歯科医院,見附市今町5丁目40-7,37.5536,138.891083
322,小坂井歯科クリニック,見附市昭和町2-3-3,37.53141,138.914597
323,坂田歯科医院,見附市新町2-1-44,37.527012,138.920074
324,さくら歯科医院,見附市本町1-4-7,37.52829,138.922928
325,末広歯科,見附市本町4丁目2-37,37.529964,138.925705
326,関崎歯科医院,見附市今町5丁目17番18号,37.550522,138.890381
327,中央歯科水澤,見附市学校町2-6-36,37.532703,138.91597
328,中島歯科医院,見附市元町2丁目1番18号,37.534286,138.928833
329,西澤歯科クリニック,見附市柳橋町266-15,37.542301,138.899536
330,はやかわ歯科医院,見附市今町4丁目10-21,37.546154,138.891861
331,ひまわり歯科,見附市新町3-11-24,37.523838,138.917709
332,村上歯科医院,見附市南本町2-16-7,37.522095,138.9245
333,やまざき歯科医院,見附市本町2-2-7 山崎ﾋﾞﾙ2F,37.527096,138.925232
334,山田歯科医院,見附市上新田町429-25,37.542858,138.886093
335,山本歯科医院,見附市新町1-9-32,37.527016,138.921844
336,堀井スマイル歯科,長岡市下柳2丁目5-38,37.472191,138.834427
337,たぐち歯科クリニック,長岡市美沢3丁目637,37.443146,138.8694
338,佐藤歯科医院,小千谷市平成1-4-7,37.309181,138.794205
339,安部歯科医院,小千谷市片貝町6513,37.368992,138.775879
340,城内歯科医院,小千谷市城内1-14-2,37.312199,138.793793
341,野沢歯科医院,小千谷市栄町9-7,37.29937,138.799744
342,星野歯科医院,小千谷市千谷川4-741-2,37.319427,138.798233
343,医療法人社団阿部歯科医院,小千谷市城内2-9-11,37.31509,138.796188
344,わかば歯科,小千谷市若葉2-101,37.305805,138.782166
345,平和歯科医院,小千谷市桜町4989-2,37.311855,138.785446
346,なおえ歯科クリニック,小千谷市三仏生3489-2 べｲｼｱ小千谷店,37.331944,138.811203
347,鈴木歯科医院,小千谷市片貝町5248,37.36655,138.776855
348,あおやぎ歯科クリニック,長岡市今朝白1-4-1,37.445751,138.860153
349,えぐち歯科クリニック,長岡市中島5-1-19,37.453114,138.848602
350,さつき歯科医院,長岡市川崎6丁目7839-1,37.455357,138.871155
351,とちお歯科クリニック,長岡市新栄町2丁目3-35,37.487656,138.997162
352,たなか歯科,長岡市錦1丁目5番5号,37.42979,138.856277
353,中央歯科,長岡市新保6丁目250,37.468151,138.868912
354,木村歯科医院,小千谷市城内1-4-18,37.313004,138.798111
355,速水歯科医院,見附市昭和町2-9-7,37.529785,138.910172
356,近藤歯科医院,長岡市学校町3-11-2,37.444199,138.858368
357,生協ながおかデンタルクリニック,長岡市沢田1-2-1,37.425663,138.84552
358,しんざわ矯正歯科クリニック,長岡市古正寺3丁目289番地,37.458462,138.817825
359,ヒッポ歯科クリニック,長岡市七日町字川原374 ｱｸﾛｽﾌﾟﾗｻﾞ長岡七日町内,37.444237,138.805618
360,越後さんとう歯科診療所,長岡市越路中沢274番地1,37.414043,138.797607
361,佐藤歯科,長岡市東坂之上町1-4-3ｽｶｲﾊｲﾂ102,37.446831,138.850479
362,長岡おとな・こども歯科クリニック,長岡市表町2丁目2-21 ながおか町口御門 1階,37.448784,138.847839
363,古正寺ファミリー歯科,長岡市古正寺一丁目3058番地2,37.455387,138.817352
364,関歯科医院,長岡市宮内1丁目1番4号,37.417465,138.84201
365,北ながおか歯科診療所,長岡市宝2丁目2-16,37.482662,138.857788
366,つるがや歯科クリニック,見附市本所1丁目9番41号,37.538353,138.909592
367,医療法人みずほみずほ歯科口腔外科,長岡市中之島1909-15,37.537216,138.874512
368,河内歯科クリニック,長岡市日赤町1-4-16,37.45047,138.841614
369,加藤歯科医院,長岡市来迎寺前田3931,37.390301,138.779739
370,佐藤歯科医院,長岡市長町1丁目1番地7,37.451977,138.853119
371,エルク歯科,見附市葛巻町1665-1見附ｼｮｯﾋﾟﾝｸﾞｾﾝﾀｰMISC-K棟104号,37.530216,138.908844
372,キューアンドエー歯科医院,長岡市旭岡2丁目2番地,37.427273,138.85881
373,石原歯科医院,長岡市滝の下町8-49,37.472542,138.997437
374,大島通り歯科,長岡市大島本町5丁目118-18,37.446377,138.818069
375,長岡I’s歯科,長岡市城内町一丁目611番地1 CoCoLo長岡ﾒﾃﾞｨｶﾙﾍﾙｼｰﾓｰﾙD,37.44659,138.853516
376,小坂井歯科クリニック,長岡市豊田町11-40,37.430984,138.853287
377,花園歯科,長岡市花園3-9-27,37.435261,138.863235
378,石上歯科医院,魚沼市堀之内4011-8,37.240593,138.928116
379,黒岩歯科医院,魚沼市佐梨645-8,37.227642,138.968063
380,医療法人社団星歯科医院,魚沼市井口新田312-2,37.23307,138.96228
381,高木歯科クリニック,魚沼市稲荷町1-12,37.232899,138.958374
382,おがわ歯科クリニック,魚沼市小出島321-1,37.231152,138.958511
383,かみむら歯科医院,魚沼市井口新田157-1,37.23111,138.972977
384,さとう歯科医院,魚沼市井口新田948-6,37.229294,138.969055
385,ゆのたに歯科,魚沼市井口新田547-12,37.232643,138.968048
386,星歯科医院,魚沼市四日町19番2,37.235268,138.952438
387,守門みまもり歯科,魚沼市須原1237-1,37.317806,139.017715
388,腰越歯科医院,湯沢町大字神立196-6,36.936665,138.815674
389,斉藤デンタルクリニック,湯沢町湯沢2511-3ｼｬﾙﾏﾝ湯沢104号,36.935802,138.806931
390,齊藤歯科医院,南魚沼市塩沢1407,37.038548,138.848022
391,髙橋デンタルクリニック,南魚沼市早川260-2,37.024654,138.871475
392,五日町病院付属歯科診療所,南魚沼市五日町2324,37.124699,138.902969
393,小嶋歯科医院,南魚沼市六日町123-16,37.065247,138.877975
394,中沢歯科医院,南魚沼市五日町575-3,37.118355,138.90419
395,中島歯科医院,南魚沼市六日町2792,37.06715,138.872345
396,さわた歯科医院,南魚沼市浦佐1137 USﾋﾞﾙ1F,37.16621,138.92485
397,ながおか歯科ピア,南魚沼市美佐島1873-1,37.084442,138.888016
398,わがた歯科医院,南魚沼市六日町892-48,37.057697,138.874481
399,はっとり歯科医院,南魚沼市一村尾1625-1,37.15033,138.91188
400,なかむら歯科クリニック,南魚沼市六日町790-12ｶﾐﾑﾗﾋﾞﾙ1階,37.05941,138.873611
401,うおぬま矯正歯科クリニック,南魚沼市浦佐918-1,37.167477,138.922089
402,グッドモーニングデンタル,南魚沼市六日町字屋敷1818番地2 六日町第四ﾋﾞﾙ 1階,37.06958,138.879044
403,田村歯科医院,十日町市昭和町3丁目22番地,37.133446,138.758255
404,中林歯科医院,十日町市七軒町259-7,37.131992,138.758423
405,中町歯科医院,十日町市下条3-482,37.196285,138.777969
406,蕪木歯科医院,十日町市本町3丁目2番地3,37.132828,138.760803
407,二瓶歯科医院,十日町市四日町1462,37.149273,138.764343
408,和歯科医院,十日町市卯123,37.121265,138.790115
409,西野歯科医院,十日町市駅通り238番地1,37.134563,138.757965
410,鈴木歯科医院,十日町市錦町1-48-1,37.128551,138.750061
411,中央歯科医院,十日町市本町4丁目62番地,37.134365,138.760956
412,水沢歯科医院,十日町市馬場丙1507,37.091362,138.727722
413,ホープ歯科クリニック,十日町市寿町2-6-25,37.127789,138.752899
414,田中歯科医院,十日町市水口沢66,37.160793,138.736389
415,津南デンタルクリニック,津南町大字下船渡丁7962-1,37.026825,138.672546
416,村山歯科医院,津南町大字下船渡甲4592,37.026825,138.672546
417,伊藤歯科クリニック,十日町市松之山1603-2,37.082775,138.60112
418,ひまわり歯科クリニック,十日町市山崎己1415,37.051147,138.694412
419,Nakajima Dental Studio,津南町大字外丸丁1481-1,37.030327,138.638916
420,中条歯科クリニック,十日町市中条甲826-9,37.162502,138.770966
421,つまり歯科,十日町市高山3丁目493-9,37.132156,138.74707
422,井比歯科医院,柏崎市小倉町7-8,37.371704,138.564331
423,岡島歯科医院,柏崎市東本町2-7-55,37.370041,138.557907
424,静雅堂歯科医院,柏崎市西本町2-7-4,37.367348,138.548935
425,大塚歯科医院,柏崎市米山台4-1-7,37.354061,138.539581
426,勝海歯科医院,柏崎市諏訪町12-4,37.372921,138.561813
427,阿部歯科医院,柏崎市日吉町1-2,37.369415,138.571259
428,きたざわ歯科,柏崎市幸町1-7,37.362202,138.557159
429,刈羽村歯科診療所,刈羽村大字刈羽1026,37.427818,138.616623
430,柏崎歯科休日急患診療所,柏崎市栄町18-3,37.374725,138.554871
431,（医）高橋歯科医院,柏崎市中央町8-13,37.373611,138.558289
432,（医）新沢歯科医院,柏崎市穂波町2-2,37.359997,138.556366
433,安田歯科,柏崎市大字安田1921-2,37.348652,138.607132
434,（医）いしかわ歯科,柏崎市東長浜8-45,37.369377,138.578918
435,まえかわ歯科クリニック,柏崎市鏡町7番12号,37.36797,138.559494
436,ひまわり歯科医院,柏崎市西山町西山206-11,37.44875,138.641357
437,まつなみ歯科,柏崎市松波1-19-43,37.390366,138.571762
438,ばんば歯科クリニック,柏崎市松美1-1-31,37.373814,138.574554
439,登内歯科医院,柏崎市田中23-7,37.358425,138.566833
440,平田歯科医院,柏崎市藤元町9-2,37.380493,138.577042
441,医療法人社団祐志会久代歯科医院,柏崎市藤元町13-4,37.378197,138.577469
442,山川歯科医院,柏崎市諏訪町5-22,37.372341,138.561203
443,ほほえみ歯科医院,柏崎市春日1-1-10,37.377754,138.568481
444,せきや歯科医院,柏崎市常盤台22-18,37.35696,138.548462
445,犬井歯科クリニック,柏崎市岩上10-30,37.358387,138.570572
446,ホワイト歯科,柏崎市半田2-6-11,37.35696,138.577621
447,山本歯科医院,柏崎市大字土合659,37.393375,138.599503
448,医療法人厚徳会まつむら歯科柏崎診療所,柏崎市松美2ｰ2-38,37.375309,138.578995
449,ながおか歯科ミュ,柏崎市西山町坂田5369-2,37.444889,138.67392
450,クオリス歯科医院,柏崎市大字安田2060-1,37.338638,138.61203
451,ながおか歯科ユウ,柏崎市大字加納5898,37.31781,138.613129
452,おだ歯科クリニック,柏崎市北半田2-5-13,37.363174,138.576126
453,柏崎市国民健康保険高柳歯科診療所,柏崎市高柳町岡野町1849-1,37.225124,138.636169
454,駅南歯科,柏崎市幸町2-4,37.362495,138.557022
455,五十嵐歯科医院,上越市大潟区渋柿浜160,37.217911,138.309235
456,小菅歯科医院,上越市浦川原区有島12,37.151726,138.427826
457,中嶋歯科医院,上越市本町4-3-18,37.111423,138.244675
458,古館歯科医院,上越市南城町1-9-18,37.101562,138.250443
459,医療法人社団佐藤歯科医院,上越市本町6-2-1,37.115574,138.245209
460,須藤歯科医院,上越市西本町4-6-15,37.173458,138.240097
461,神岡歯科医院,上越市西城町3-1-14,37.115643,138.247177
462,小林歯科医院,上越市中央1-18-11,37.173965,138.245193
463,三上歯科医院,上越市仲町2-3-12,37.107937,138.242416
464,藤戸歯科,上越市春日新田1-19-4,37.172234,138.255508
465,小山歯科医院,上越市大潟区潟町85,37.234085,138.332596
466,長谷川歯科医院,上越市大和1-7-6,37.079201,138.252731
467,小林歯科医院,上越市本町1-5-2,37.102554,138.243317
468,くびき歯科医院,上越市頸城区百間町725,37.184536,138.329681
469,つばめ歯科医院,上越市大豆2-4-12,37.154961,138.224594
470,さかもと歯科医院,上越市北城町1-3-28,37.114979,138.262405
471,佐藤歯科医院,上越市板倉区針420-21,37.053089,138.297989
472,ながの歯科医院,妙高市諏訪町2-6-31,37.025913,138.258057
473,よしだ歯科医院,上越市栄町2-1-19,37.164474,138.242004
474,廣瀬歯科クリニック,妙高市田町1-5-12,37.022034,138.253494
475,小島歯科医院,妙高市大字関山2123-1,36.93552,138.222778
476,戸野目歯科医院,上越市平成町19,37.120331,138.278061
477,中村歯科医院,上越市中央1-26-23,37.175869,138.247086
478,大塚歯科医院,上越市鴨島1-2-7,37.112488,138.273468
479,山口歯科医院,妙高市姫川原926-4,37.005558,138.261307
480,医療法人徳真会松村歯科上越診療所,上越市春日野1-4-17,37.148472,138.228409
481,クラーク歯科医院,上越市春日野1-14-11,37.151524,138.228165
482,さとう歯科クリニック,上越市南本町3-6-10,37.10136,138.248001
483,池田歯科医院,上越市飯744-2,37.122585,138.231949
484,わくい歯科クリニック,妙高市柳井田町2-12-1,37.053478,138.259171
485,ひまわり歯科医院,上越市大字福田739-8,37.171284,138.276276
486,浜歯科医院,上越市昭和町2-12-3,37.121803,138.237
487,赤川歯科クリニック,上越市高土町1-4-16,37.123291,138.253525
488,たいき歯科医院,上越市藤野新田1183,37.151356,138.25589
489,うちやま歯科医院,妙高市栗原2-5-4,37.0424,138.261032
490,飯原歯科医院,上越市安塚区安塚942-2,37.137478,138.44899
491,下黒川歯科医院,上越市柿崎区柳ヶ崎121-1,37.259487,138.406189
492,丸田歯科医院,上越市浦川原区顕聖寺219,37.15937,138.42189
493,相馬歯科医院,上越市黒井1887,37.192554,138.270477
494,かんど歯科・小児歯科クリニック,上越市大字富岡3106番,37.145,138.260651
495,加藤歯科クリニック,上越市大字西田中227,37.063122,138.254822
496,横尾歯科医院,妙高市東雲町6-14,37.028244,138.252594
497,三和ファミリー歯科医院,上越市三和区川浦2246番地,37.112995,138.329865
498,小林歯科クリニック,上越市大貫4丁目6-14,37.11459,138.232437
499,東雲くろだ歯科医院,上越市東雲町2-9-17,37.166725,138.241257
500,原矯正歯科,上越市大手町5-45,37.108715,138.248047
501,大島村歯科診療所,上越市大島区岡3388-9,37.165043,138.505615
502,清里歯科診療所,上越市清里区岡野町1623,37.086597,138.329483
503,羽尾歯科医院春日山,上越市春日山3-18-41,37.143646,138.22229
504,犀浜デンタルクリニック,上越市大潟区下小船津浜1153-4,37.219601,138.318741
505,安江たなか歯科医院,上越市安江2-561-6,37.168934,138.262817
506,五智歯科クリニック,上越市五智1-13-10,37.169243,138.235489
507,すずき歯科医院,上越市五智1-15-25,37.168823,138.234604
508,水野歯科クリニック,上越市本町5-3-23,37.113602,138.244995
509,さくら歯科,上越市板倉区稲増151-61,37.07972,138.284164
510,青山歯科医院,上越市春日野1-4-10,37.147999,138.229263
511,池田歯科医院,妙高市中町4-10,37.02557,138.251328
512,土肥歯科医院,上越市中央3-15-5,37.178314,138.245682
513,医療法人社団和久井歯科医院,上越市北本町2-3-3,37.120575,138.244263
514,かるがも歯科・矯正歯科,上越市木田新田2-148,37.139507,138.236099
515,医療法人厚徳会まつむら歯科高田診療所,上越市北城町3-1-30,37.117592,138.251785
516,三折堂いがらし歯科医院,上越市三和区錦289-4,37.139637,138.342773
517,名立歯科診療所,上越市名立区名立大町196,37.144787,138.080353
518,いわふね歯科クリニック,上越市中田原160-42,37.091553,138.23114
519,田嶋歯科医院,上越市中通町8-23,37.097069,138.241379
520,谷口歯科クリニック,妙高市白山町4-5-6,37.020809,138.246643
521,増村歯科医院,妙高市東雲町4-5,37.029163,138.253967
522,しろデンタルクリニック,上越市大町4-3-33,37.114651,138.24614
523,畑歯科診療所,上越市とよば107ｲﾙ･ｸｵｰﾚとよば1F,37.147865,138.236099
524,スマイル歯科ｸﾘﾆｯｸ,上越市東城町3丁目8番25号,37.108795,138.260529
525,中島歯科医院,上越市大潟区潟町696-4,37.231728,138.334595
526,きたしろ歯科診療所,上越市東本町5丁目2-59,37.118553,138.262283
527,小嶋歯科医院,妙高市大字関川10-13,36.871372,138.210419
528,水野歯科医院,上越市板倉区針1165-8,37.053089,138.297989
529,医療法人社団木村歯科クリニック,上越市木田1-1-11ﾐﾜﾌﾟﾗｻﾞ2F,37.146915,138.237244
530,小出歯科医院,上越市柿崎区柿崎6108-1,37.281841,138.389694
531,大山歯科医院,上越市大潟区犀潟835,37.207581,138.30452
532,太田歯科医院,上越市大町4-3-34,37.113724,138.246262
533,万代歯科クリニック,上越市新光町2-2-5,37.150768,138.239029
534,平野歯科医院,上越市港町2-5-2,37.179691,138.254517
535,折笠歯科医院,上越市大学前33,37.136906,138.228943
536,あおき歯科・矯正歯科クリニック,上越市大字下門前1805番地,37.155373,138.255066
537,ハート歯科ｸﾘﾆｯｸ,上越市西城町1-4-31,37.11454,138.253937
538,南川歯科クリニック,上越市頸城区下吉228-26,37.182487,138.279297
539,八木歯科医院,上越市吉川区原之町2037-3,37.228287,138.393845
540,おおしま歯科クリニック,上越市国府1-24-10,37.160801,138.227905
541,あおの歯科診療所,上越市青野243-1,37.164162,138.349533
542,くすのき歯科クリニック,上越市大字下荒浜423-1,37.194126,138.283569
543,楡井歯科医院,上越市柿崎区柿崎6556,37.28075,138.391312
544,"上越休日歯科・障がい者歯科診療センター""",上越市新光町1-10-16,37.150856,138.237
545,わたなべ歯科,上越市大字土橋2771番地,37.130962,138.242706
546,星野歯科医院,上越市柿崎区上下浜496,37.245628,138.355667
547,櫻井歯科医院,上越市大和1-1-4,37.082417,138.251236
548,Dental NEST Regalo,上越市下門前2255,37.155373,138.255066
549,山崎歯科医院,上越市中郷区江口443-2,36.949863,138.21521
550,デンタルオフィスK,上越市上源入634-4,37.159805,138.259583
551,永井歯科医院,上越市南本町2-6-34,37.098991,138.250443
552,おおてまち歯科医院,上越市大手町3-26,37.108898,138.248825
553,永野歯科・矯正歯科医院,糸魚川市本町10-1,37.045422,137.857819
554,あべ歯科クリニック,糸魚川市新鉄2-12-14,37.039227,137.859131
555,早川歯科医院,糸魚川市滝川原700-1,37.033913,137.930298
556,新田歯科医院,糸魚川市南押上2-2-20,37.047001,137.878952
557,月岡歯科医院,糸魚川市新鉄1-3-3,37.043922,137.856842
558,インター歯科,糸魚川市横町5-5-24,37.041,137.849487
559,倉石歯科医院,糸魚川市東寺町2-2-63,37.045158,137.872665
560,高鳥歯科医院,糸魚川市能生7006,37.103004,137.9879
561,山岸歯科医院,糸魚川市能生2318-1,37.099163,137.98822
562,森歯科医院,糸魚川市田海5333番地,36.990662,137.81163
563,渡辺歯科医院,糸魚川市須沢3459,37.032089,137.832748
564,藤浪歯科医院,糸魚川市青海4608-1,37.024601,137.797104
565,すがはら歯科医院,糸魚川市須沢2636,37.025814,137.837189
566,いしもと歯科,佐渡市両津湊178,38.081745,138.434814
567,ほんま歯科医院,佐渡市両津湊226-3,38.078632,138.437943
568,嶋田歯科医院,佐渡市両津夷197-1,38.083771,138.433502
569,山中歯科医院,佐渡市河原田本町259,37.999264,138.321243
570,山岡歯科医院,佐渡市上長木358-2,38.005833,138.333374
571,ミドリ歯科医院,佐渡市河原田諏訪町80-4 新潟交通佐和田ﾋﾞﾙ2F,38.004501,138.31366
572,本間歯科医院,佐渡市河原田諏訪町196,38.001911,138.317337
573,隅田歯科医院,佐渡市泉甲661-1,38.061474,138.330963
574,本田歯科医院,佐渡市真野新町444,37.962299,138.344391
575,ふじい歯科,佐渡市小木町2120-2,37.819813,138.269623
576,田中歯科医院,佐渡市両津湊279,38.076527,138.440781
577,まもる歯科,佐渡市相川羽田町58番地,38.033031,138.24086
578,酒井歯科医院,佐渡市羽茂本郷406-1,37.858578,138.351639
579,小木歯科クリニック,佐渡市小木町1974番地,37.819813,138.269623
580,佐和田歯科クリニック,佐渡市東大通1284番地,38.003227,138.3293
581,はたの歯科医院,佐渡市佐渡市畑野申442-2,38.018604,138.368011
582,安達歯科医院,新潟市北区柳原4丁目1番12号,37.918274,139.210373
583,有田歯科医院,新潟市北区太夫浜1639番地1,37.956127,139.153885
584,おだ歯科医院,新潟市北区かぶとやま2丁目1-62ﾍﾞｲｼｱ新潟豊栄店ﾃﾅﾝﾄ,37.928936,139.218582
585,かとう歯科医院,新潟市北区須戸2丁目6番40号,37.917717,139.18541
586,北村歯科医院,新潟市北区三軒屋町15番31号,37.949516,139.148605
587,くまくらデンタルオフィス,新潟市北区石動1丁目15番5号,37.920982,139.214005
588,グリーン歯科医院,新潟市北区石動1丁目2番37号,37.92392,139.215515
589,こうの歯科医院,新潟市北区木崎2761-36,37.943344,139.189819
590,小林歯科医院,新潟市北区早通南1丁目5番10号,37.920536,139.179199
591,近藤歯科医院,新潟市北区松浜本町1丁目12番14号,37.950985,139.147659
592,しげたに歯科医院,新潟市北区長戸呂427番地2,37.882156,139.179001
593,すずき歯科・矯正歯科クリニック,新潟市北区松浜6丁目13番地27,37.955872,139.141373
594,すみれ野歯科医院,新潟市北区すみれ野1丁目13番13号,37.919907,139.159805
595,曽我歯科医院,新潟市北区太田甲5629番地8,37.944019,139.244003
596,月岡歯科医院,新潟市北区葛塚4745番地,37.927147,139.217804
597,常木歯科医院,新潟市北区白新町2丁目7番13号,37.915783,139.21582
598,冨田歯科医院,新潟市北区白新町2丁目4番21号,37.917091,139.217331
599,豊栄インター歯科,新潟市北区かぶとやま2-3-3,37.931011,139.217972
600,萩原歯科医院,新潟市北区つくし野2丁目1番1号,37.92709,139.156448
601,林歯科医院,新潟市北区嘉山6丁目6番1号,37.910583,139.219681
602,ひぐち歯科医院,新潟市北区葛塚94番地1,37.913708,139.210526
603,ホリデンタルオフィス,新潟市北区白新町4丁目8番5号,37.913368,139.212082
604,本間歯科医院,新潟市北区朝日町2丁目1番2号,37.919945,139.223129
605,ほんま歯科医院,新潟市北区早通北4丁目6番31号,37.92202,139.184174
606,松田歯科クリニック,新潟市北区島見町3700番地5,37.964703,139.201584
607,もろ歯科クリニック,新潟市北区石動1丁目23番4号,37.921177,139.211594
608,やまだデンタルクリニック,新潟市北区東栄町1丁目12番9号,37.911369,139.222397
609,あおば歯科,新潟市東区紫竹6丁目18番43号,37.909348,139.083649
610,あさひとう矯正＆こども歯科クリニック,新潟市東区藤見町2丁目4番14号,37.934414,139.096863
611,浅見歯科医院,新潟市東区向陽2丁目10番2号,37.941319,139.114029
612,あゆかわ歯科医院,新潟市東区山木戸4丁目7番7号,37.922092,139.084351
613,杏歯科クリニック,新潟市東区東中島3丁目9番54号,37.910686,139.117493
614,飯島歯科医院,新潟市東区牡丹山6丁目10番7号,37.918171,139.096191
615,いしやま歯科医院,新潟市東区はなみずき2丁目6番20号,37.916798,139.103088
616,伊東歯科医院,新潟市東区中山8丁目27番11号,37.91666,139.093323
617,いろかわ歯科医院,新潟市東区秋葉1丁目6番34号,37.940361,139.08429
618,宇賀村歯科医院,新潟市東区牡丹山3丁目1番14号,37.924156,139.093719
619,えびがせファミリー歯科,新潟市東区海老ｹ瀬3008番地,37.929703,139.12735
620,おおとりい歯科クリニック,新潟市東区若葉町1丁目20番41号,37.89669,139.112595
621,オオヒラ歯科クリニック,新潟市東区太平1丁目3番10号,37.947308,139.117233
622,岡田歯科医院,新潟市東区北葉町13番4号,37.939098,139.075378
623,岡田歯科医院,新潟市東区下場本町14番4号,37.905827,139.107407
624,小黒歯科医院,新潟市東区紫竹5丁目19番15号ﾎﾞ･ﾇ-ﾙ･ﾄﾜⅤ1F,37.905308,139.079025
625,小野歯科医院,新潟市東区東中野山3丁目10番15号,37.901566,139.113113
626,おひさま歯科診療所,新潟市東区有楽3丁目5-5,37.94043,139.113113
627,かねこ歯科クリニック,新潟市東区古湊町3番50号,37.937714,139.07193
628,かのまた歯科,新潟市東区中山8丁目1番10号,37.914181,139.086929
629,かめかめ歯科医院,新潟市東区新石山4丁目5番5号,37.900753,139.09549
630,くぼた歯科クリニック,新潟市東区物見山2丁目13番19号,37.945431,139.093582
631,くまくら歯科・歯科口腔外科,新潟市東区逢谷内2丁目4-6,37.919441,139.117126
632,桑原歯科医院,新潟市東区下木戸2丁目14番10号,37.926525,139.094894
633,こうど歯科クリニック,新潟市東区河渡本町22-56,37.933979,139.107559
634,小竹歯科医院,新潟市東区太平3丁目5番10号,37.945667,139.110718
635,ことぶき歯科,新潟市東区はなみずき1丁目16番10号,37.914917,139.101242
636,小林歯科医院,新潟市東区秋葉通2丁目3722番105号,37.943066,139.079437
637,さいかわ歯科医院,新潟市東区新松崎2丁目5番7号,37.932846,139.117493
638,佐々木歯科医院,新潟市東区紫竹7丁目12番10号,37.910629,139.088959
639,佐藤歯科医院,新潟市東区東明1丁目8番9号,37.899017,139.082947
640,佐藤歯科医院,新潟市東区粟山4丁目1番21号,37.898289,139.101166
641,白田歯科医院,新潟市東区宝町1番38号,37.942245,139.08699
642,医療法人社団豊医会スマイル歯科おざき,新潟市東区中山6丁目3番35号e-ﾒﾃﾞｨｶﾙﾌﾟﾗｻﾞ 3F,37.912334,139.081238
643,平歯科医院,新潟市東区中興野5番51号,37.921112,139.137451
644,たけと歯科クリニック,新潟市東区寺山2丁目2番10号,37.923923,139.109085
645,竹本歯科医院,新潟市東区逢谷内4丁目8番13号,37.921627,139.11824
646,田代歯科クリニック,新潟市東区松和町8番21号,37.941414,139.096893
647,富樫歯科医院,新潟市東区牡丹山2丁目6番1号,37.920872,139.089996
648,とさか歯科医院,新潟市東区大形本町4丁目8番16号,37.923187,139.120758
649,とみい歯科医院,新潟市東区空港西2丁目20番地18号,37.948483,139.099396
650,ないとう歯科医院,新潟市東区物見山2丁目35番19号,37.945385,139.096161
651,中川歯科医院,新潟市東区中山7丁目23番9号,37.912159,139.084244
652,なかきど歯科,新潟市東区中木戸216番地4,37.927013,139.099258
653,仲又歯科,新潟市東区東中島2丁目2番3号ｱｽﾃｨｵﾝ東中島1F,37.907894,139.108582
654,にわ歯科医院,新潟市東区中山2丁目10番15号,37.915642,139.081299
655,服部歯科医院,新潟市東区東中野山1丁目2番13号,37.90237,139.108246
656,花みずき歯科医院,新潟市東区寺山3丁目30番24号,37.918533,139.111542
657,はやつ歯科クリニック,新潟市東区もえぎ野2丁目5番19号,37.892937,139.101364
658,ひらのデンタルクリニック,新潟市東区長者町15番23号,37.935909,139.07605
659,平原歯科新潟東区役所内診療所,新潟市東区下木戸1-4-1新潟市東区役所内,37.9249,139.09259
660,ふじみ歯科,新潟市東区河渡1丁目4番15号,37.934353,139.097717
661,ふなえ歯科医院,新潟市東区船江町2丁目10番1号,37.95171,139.100296
662,ぼたんやまデンタルクリニック,新潟市東区上木戸4丁目1-9,37.921398,139.10025
663,ＷｈｉｔｅＢｅｒｒｙこうなん歯科,新潟市東区江南6丁目1番31号,37.90321,139.083588
664,ほんま歯科・小児歯科クリニック,新潟市東区秋葉通2丁目106番地38,37.940941,139.080612
665,マリデンタルクリニック,新潟市東区東明5丁目1-1,37.899635,139.087326
666,まるデンタルクリニック,新潟市東区はなみずき2丁目14番20号,37.915836,139.10466
667,水野歯科医院,新潟市東区河渡2丁目3番25号,37.936928,139.101089
668,みやの歯科医院,新潟市東区江南2丁目7番17号,37.901714,139.079956
669,みるく歯科クリニック,新潟市東区有楽1丁目7番1号,37.939259,139.104187
670,もえぎの歯科,新潟市東区もえぎ野3丁目12番10号,37.895794,139.105148
671,山口歯科医院,新潟市東区豊1丁目1番23号,37.925011,139.102921
672,やまざき小児歯科,新潟市東区粟山2丁目1番20号,37.897377,139.099701
673,りょう歯科クリニック,新潟市東区東中野山4丁目15番3号,37.904533,139.112289
674,ＲＳ歯科クリニック,新潟市中央区西湊町通3ﾉ町3306番地3,37.92963,139.053833
675,間歯科医院,新潟市中央区南出来島1丁目15番10号,37.895111,139.026291
676,あきの歯科クリニック,新潟市中央区白山浦新町通79番地1,37.913731,139.026337
677,アクア歯科クリニック,新潟市中央区文京町1番23号,37.905491,139.011932
678,浅妻歯科医院,新潟市中央区万代1丁目2番3号ｺｰﾌﾟ野村万代201,37.915684,139.057495
679,あじま歯科クリニック,新潟市中央区女池上山4丁目2番4号,37.894108,139.026245
680,あべ歯科クリニック,新潟市中央区上所3丁目10番65号ﾏﾙｼｪｺｰﾄA,37.905411,139.040253
681,荒井歯科,新潟市中央区上近江4丁目2番20号,37.899578,139.030624
682,アルモニ矯正歯科,新潟市中央区上近江4丁目12番20号DeKKY401 1F,37.897877,139.030624
683,井伊歯科医院,新潟市中央区鐙2丁目14番23号1,37.904068,139.070724
684,いかみ歯科クリニック,新潟市中央区関屋下川原町1丁目671番地,37.91679,139.025513
685,五十嵐歯科医院,新潟市中央区大島130番地50,37.879871,139.024918
686,いがらし歯科クリニック,新潟市中央区附船町1丁目4348-1,37.934753,139.054001
687,いくの歯科医院,新潟市中央区鐙西2丁目18番14号,37.901943,139.062164
688,石田歯科医院,新潟市中央区東堀通6番町1050番地,37.920586,139.045242
689,石橋歯科クリニック,新潟市中央区上所上1丁目5番13号,37.905891,139.03331
690,イシモト歯科医院,新潟市中央区東大通1丁目7番8号ｱｲ･ｴﾑ第一ﾋﾞﾙ1F,37.915234,139.061447
691,医療法人社団こばやし歯科医院,新潟市中央区女池上山4丁目18番9号,37.893528,139.024979
692,歯科ニイガタクリニック,新潟市中央区関屋昭和町2丁目112番,37.910313,139.017761
693,ふかまち歯科矯正,新潟市中央区弁天1丁目4番22号ｸﾞﾘﾝﾋﾞﾙ3F,37.914272,139.058777
694,スマイル歯科万代,新潟市中央区万代3丁目1番1号ﾒﾃﾞｨｱｼｯﾌﾟ3F,37.918228,139.056274
695,イワシタ歯科,新潟市中央区古町通5番町601番地,37.92004,139.044418
696,植木歯科医院,新潟市中央区寄附町5016番地1,37.932499,139.048767
697,宇佐美歯科医院,新潟市中央区上大川前通8番町1249番地,37.923233,139.048782
698,エクセレント歯科クリニック新潟医院,新潟市中央区紫竹山1丁目2-5TMﾋﾞﾙ2F･B,37.901333,139.065979
699,江口歯科医院,新潟市中央区西堀前通2番町709番地白柳ﾋﾞﾙ2F,37.916824,139.040146
700,エスホワイトクリニック,新潟市中央区古町通7番町951-2大橋ﾋﾞﾙ2階,37.922382,139.045135
701,キーデンタルクリニック新潟訪問専門医院,新潟市西蒲区巻甲2908-3,37.756794,138.885651
702,オアシスデンタルクリニック,新潟市中央区東万代町1-5ﾄﾞｩｰｸｽﾋﾞﾙ2-A,37.916214,139.062088
703,大井歯科医院,新潟市中央区女池神明1丁目6番地16,37.889828,139.036896
704,太田歯科医院,新潟市中央区関屋金衛町2丁目276番1号 ｸﾞﾘｰﾝﾊｲﾂ103,37.912556,139.015259
705,大藤歯科医院,新潟市中央区附船町1丁目4383番地,37.935291,139.055771
706,おおむら歯科医院,新潟市中央区愛宕1丁目2番8号,37.888054,139.028488
707,岡崎歯科医院,新潟市中央区西堀前通4番町735番地岡崎ﾋﾞﾙ2階,37.91869,139.042404
708,岡田歯科医院,新潟市中央区南笹口1丁目10番7号,37.908096,139.067352
709,岡田歯科医院,新潟市中央区古町通1番町523番地,37.915932,139.040359
710,小野歯科クリニック,新潟市中央区万代1丁目4番33号損保ｼﾞｬﾊﾟﾝ･新潟ｾﾝﾄﾗﾙﾋﾞﾙ3,37.917416,139.057297
711,ｏｌｉｖｅｄｅｎｔａｌｈｏｕｓｅ,新潟市中央区神道寺1丁目1番24号,37.900547,139.057953
712,かいづクリニックドンテール,新潟市中央区出来島1丁目5-43,37.90073,139.023712
713,勝見歯科医院,新潟市中央区白山浦1丁目405番地,37.915558,139.034988
714,加藤歯科クリニック,新潟市中央区上大川前通5番町64番地1ｺｰﾌﾟｼﾃｨ上大川前101,37.91877,139.04805
715,かなや歯科クリニック,新潟市中央区京王2丁目1-10,37.895535,139.077469
716,金子医科歯科医院,新潟市中央区長嶺町3番18号,37.915161,139.070145
717,かみやま親子歯科,新潟市中央区女池上山2丁目6-13,37.891403,139.029663
718,かも歯科クリニック,新潟市中央区幸西1丁目5番20号ﾒｿﾞﾝ八千代1F,37.912083,139.050293
719,神田歯科医院,新潟市中央区関屋浜松町98番地,37.907352,139.014664
720,キタムラ歯科医院,新潟市中央区鳥屋野2丁目5番21号,37.886707,139.021301
721,矯正歯科さくらぎクリニック,新潟市中央区神道寺1丁目5番27号,37.898354,139.0569
722,くりの木歯科,新潟市中央区沼垂東6丁目1-30,37.922398,139.070404
723,Ｋ’ｓＷｈｉｔｅＤｅｎｔａｌＣｌｉｎｉｃ,新潟市中央区上大川前通11番町1899番地,37.927383,139.049438
724,ごとう歯科クリニック,新潟市中央区鳥屋野南3丁目13番7号,37.884335,139.030609
725,沼垂すずらん歯科,新潟市中央区沼垂東1丁目7番12号,37.918243,139.070984
726,近藤歯科医院,新潟市中央区堀之内1番地,37.904415,139.045975
727,齋藤歯科医院,新潟市中央区本馬越1丁目10番16号,37.912514,139.076111
728,齋藤正直歯科医院,新潟市中央区山二ﾂ3丁目33番18号,37.894409,139.089661
729,坂井歯科医院,新潟市中央区天明町2番17号藤屋ﾋﾞﾙ1F,37.918819,139.06398
730,笹出線歯科クリニック,新潟市中央区米山10-8日生不動産米山ﾋﾞﾙ1階BC室,37.906441,139.054184
731,ささくら矯正歯科クリニック,新潟市中央区学校町通2番町598番地35号,37.917149,139.034424
732,佐藤歯科医院,新潟市中央区田中町5179番地,37.929165,139.040955
733,三和歯科医院,新潟市中央区関屋本村町1丁目105番地,37.913483,139.021973
734,塩屋歯科,新潟市中央区上近江4丁目9番9号,37.896774,139.031067
735,歯科・訪問やまもと歯科,新潟市中央区小張木2丁目16-41,37.886951,139.040833
736,しまだ歯科こども歯科クリニック,新潟市中央区大島204-1,37.88171,139.024094
737,清水歯科医院,新潟市中央区東堀前通7番町1075番地,37.922951,139.046509
738,清水たろう歯科,新潟市中央区長潟1201-1,37.884426,139.064865
739,春ぞうデンタルクリニック,新潟市中央区姥ｹ山3丁目12-11,37.88678,139.079834
740,じょうじ歯科クリニック,新潟市中央区堀之内南1丁目15番15号とやのｼｮｯﾋﾟﾝｸﾞｾﾝﾀｰ内,37.905277,139.052322
741,すずの木歯科クリニック,新潟市中央区上近江2丁目2-20-1,37.900574,139.037155
742,すみや歯科医院,新潟市中央区長潟3丁目7番20号,37.887474,139.070801
743,田井デンタルクリニック,新潟市中央区美咲町1丁目31番15号,37.892281,139.015839
744,高瀬歯科,新潟市中央区万代2丁目3番34号万代ｸﾞﾚｰｽ101号,37.917599,139.054245
745,タケデンタルクリニック,新潟市中央区米山5丁目2番4号,37.906498,139.057419
746,田中歯科医院,新潟市中央区関屋新町通1丁目33番地,37.910702,139.024673
747,玉井歯科医院,新潟市中央区本町通9番町1325番地,37.924828,139.048004
748,千歳歯科クリニック,新潟市中央区新光町5番1号千歳ﾋﾞﾙﾃﾞｨﾝｸﾞ1F,37.899944,139.022186
749,池主歯科医院,新潟市中央区信濃町5番23号,37.906883,139.012802
750,中央歯科クリニック,新潟市中央区湖南4-10,37.876839,139.039032
751,筒井歯科クリニック,新潟市中央区白山浦2丁目646番97号,37.911827,139.028595
752,常川歯科医院,新潟市中央区東万代町9番地21号,37.917324,139.062622
753,つるい歯科クリニック,新潟市中央区紫竹1丁目5-39,37.90834,139.074585
754,てじま歯科医院,新潟市中央区万代1丁目2番14号ｼﾙﾊﾞｰ流通ﾋﾞﾙ501,37.915218,139.056656
755,デンタルオフィスｆｒｏｈ,新潟市中央区上所中1丁目2番12号 ﾆﾁﾚｵZ-B,37.906693,139.03833
756,長井歯科医院,新潟市中央区上所上3丁目1番35号,37.903435,139.031967
757,永井歯科クリニック,新潟市中央区東万代町9番地21号9番38号 ﾛｲﾔﾙﾊﾟｰｸｽER万代1階,37.917324,139.062622
758,新潟駅前歯科クリニック,新潟市中央区弁天1丁目1-22東信新潟ﾋﾞﾙ4階,37.91291,139.059708
759,新潟県歯科医師会附属歯科診療所,新潟市中央区堀之内南3丁目8番13号,37.900864,139.050186
760,野村歯科医院,新潟市中央区米山6丁目1番12号,37.903664,139.058609
761,公益財団法人新潟県歯科保健協会附属歯科診療所,新潟市中央区堀之内南3丁目8番13号,37.900864,139.050186
762,医療法人社団長谷川歯科,新潟市中央区一番堀通町5938番地,37.913933,139.035217
763,万代デンタルクリニック,新潟市中央区八千代2丁目4番28号,37.915821,139.052032
764,新潟県庁内歯科診療所,新潟市中央区新光町4番地1号,37.902454,139.023331
765,新潟市口腔保健福祉センター,新潟市中央区紫竹山3丁目3番11号,37.900879,139.070206
766,西堀さとう歯科,新潟市中央区西堀通6番町877番地1 3階,37.923271,139.042877
767,ノエルデンタルクリニック万代,新潟市中央区万代4丁目1番6号新潟あおばﾋﾞﾙ2階,37.917446,139.057846
768,のぞみ矯正・歯科クリニック,新潟市中央区上大川前通1番町154番地新潟白山公園ﾋﾞﾙ2階,37.914833,139.042725
769,ハート歯科クリニック,新潟市中央区関屋金鉢山町76番地ﾏﾝｼｮﾝﾛﾋﾞﾝ104号,37.908508,139.01741
770,はぎわら歯科クリニック,新潟市中央区出来島1丁目6番1号ﾒﾃﾞｨｶﾙﾋﾞﾙ2F,37.900646,139.023682
771,はせがわ矯正歯科クリニック,新潟市中央区花園1丁目1番1号新潟駅CoCoLo本館ﾒﾃﾞｨｶﾙｺｰﾄA,37.913288,139.060867
772,花園歯科新潟駅前診療所,新潟市中央区花園1丁目2番2号ｺｰﾌﾟｼﾃｨ花園2階,37.913258,139.061905
773,医療法人社団晃翔会日野歯科クリニック,新潟市中央区寄居町342番地,37.922413,139.040604
774,ふくい矯正歯科医院,新潟市中央区女池上山2丁目13番23号,37.890903,139.028366
775,藤村歯科医院,新潟市中央区女池7丁目11番8号,37.889107,139.043686
776,ふるまち歯科,新潟市中央区東堀前通2番町361番地ﾒｿﾞﾝﾄﾞｽｶｲ1階,37.916145,139.042252
777,星野歯科医院,新潟市中央区上大川前通9番町1281番地,37.925026,139.048615
778,堀田歯科医院,新潟市中央区笹口3丁目11番7号,37.912243,139.070068
779,堀歯科医院,新潟市中央区弁天橋通1丁目5番1号,37.892971,139.069107
780,ホワイト歯科クリニック,新潟市中央区白山浦2丁目646番地32,37.911827,139.028595
781,ＷｈｉｔｅＢｅｒｒｙ万代デンタルクリニック,新潟市中央区万代1丁目2番12号ｺｽﾓ万代2階,37.915127,139.056824
782,本町みゆき歯科,新潟市中央区本町通6番町1108番地1ぷらっと本町ﾋﾞﾙ1階,37.920357,139.04628
783,ほんま歯科クリニック,新潟市中央区笹口1丁目1番1号ﾌﾟﾗｰｶﾒﾃﾞｨｶﾙｽｸｴｱ,37.910976,139.063766
784,まつい歯科こども歯科クリニック,新潟市中央区山二ﾂ4丁目4番7号,37.891563,139.083572
785,松川歯科医院,新潟市中央区営所通1番町314番地,37.921196,139.039764
786,松川歯科医院,新潟市中央区月町2048番地,37.922855,139.050766
787,松波町歯科医院,新潟市中央区関屋松波町3丁目199番,37.91592,139.020126
788,まつみだい歯科診療所アネックス古町,新潟市中央区西堀通6番町866番地,37.922489,139.043228
789,水落歯科医院,新潟市中央区西堀通3番町258番地,37.919125,139.04007
790,みねお歯科医院,新潟市中央区網川原2丁目10番10号,37.891872,139.023743
791,宮尾歯科クリニック,新潟市中央区上近江4丁目12番20号Dekky401 1F,37.897877,139.030624
792,宮本歯科医院,新潟市中央区鐙西1丁目10番15号石黒ﾋﾞﾙ2F,37.902397,139.065643
793,村田歯科医院,新潟市中央区本町通8番町1353番地,37.924248,139.047348
794,村田歯科医院,新潟市中央区米山6丁目8番21号,37.902531,139.057281
795,諸見里歯科医院,新潟市中央区新和3丁目16番14号,37.898438,139.041519
796,八木歯科医院,新潟市中央区鐙1丁目11番17号,37.905117,139.067856
797,山崎歯科医院,新潟市中央区東中通1番町86番地53,37.919819,139.038437
798,山宮歯科医院,新潟市中央区上所上2丁目4番3号,37.902218,139.035172
799,横山歯科医院,新潟市中央区下所島2丁目11番5号,37.905201,139.045486
800,善隆歯科クリニック,新潟市中央区神道寺1丁目6番12号,37.898178,139.056259
801,よしだ歯科医院,新潟市中央区新島町通1ﾉ町1974番地,37.920284,139.048737
802,米山デンタルクリニック,新潟市中央区花園1丁目1番1号JR新潟駅CoCoLo本館ﾒﾃﾞｨｶﾙｺｰﾄB,37.913288,139.060867
803,ワイズ歯科クリニック,新潟市中央区女池西2丁目7番16号,37.890202,139.033585
804,渡辺歯科医院,新潟市中央区幸西3丁目2番1号,37.910801,139.047165
805,浅川歯科クリニック,新潟市江南区三條岡2丁目2番9号,37.869389,139.123215
806,アピタフレンドリー歯科,新潟市江南区鵜ﾉ子4丁目466番地ｱﾋﾟﾀ新潟亀田店2F,37.871838,139.089905
807,アポロ歯科クリニック,新潟市江南区下早通柳田1丁目1番1号ｲｵﾝ新潟南SC2F,37.875652,139.083664
808,医療法人社団吉田歯科医院よしだファミリー歯科,新潟市江南区天野2丁目13番11号,37.854725,139.033279
809,医療法人社団良美会いとう歯科クリニック,新潟市江南区天野1丁目10番27号,37.854759,139.027863
810,うぐいす歯科,新潟市江南区うぐいす1丁目6番3号,37.87479,139.133148
811,枝並歯科医院,新潟市江南区亀田水道町1丁目1番54号,37.870506,139.115128
812,枝並歯科クリニック,新潟市江南区亀田四ﾂ興野3丁目3番34号,37.870468,139.097672
813,えなみ歯科医院,新潟市江南区砂岡3丁目3番14号,37.863304,139.123001
814,上野山歯科医院,新潟市江南区曙町1丁目2番1号,37.862461,139.1194
815,かめだデンタルクリニック,新潟市江南区東船場3丁目2番8号,37.876743,139.106979
816,矯正ループ歯科,新潟市江南区早苗1丁目3番17号,37.868988,139.094803
817,倉嶋歯科クリニック,新潟市江南区大渕3485番地,37.893311,139.144516
818,五月町デンタルクリニック,新潟市江南区五月町2丁目11番38号,37.872883,139.095947
819,城山歯科,新潟市江南区城山1丁目2番74号,37.864426,139.11026
820,竹内歯科クリニック,新潟市江南区茜ｹ丘7番地1,37.857319,139.138855
821,田辺歯科医院,新潟市江南区袋津4丁目4番5号,37.864601,139.115265
822,そのき歯科医院,新潟市江南区曽野木1丁目7番18号,37.867619,139.0448
823,中村歯科医院,新潟市江南区亀田中島3丁目2448番地13,37.886272,139.101578
824,西歯科医院,新潟市江南区横越中央8丁目2番10号,37.850964,139.144287
825,フェイス歯科医院,新潟市江南区亀田緑町4丁目2番21号,37.870865,139.100143
826,深井歯科医院,新潟市江南区西町1丁目3番21号,37.874199,139.107513
827,ふれあい歯科クリニック,新潟市江南区早通6丁目7番34号,37.863239,139.081451
828,本間歯科医院,新潟市江南区早通2丁目1番44号,37.863087,139.086853
829,丸山歯科医院,新潟市江南区船戸山4丁目9番21号,37.866558,139.106003
830,三浦歯科医院,新潟市江南区横越中央2丁目10番5号,37.85611,139.147659
831,みゆき歯科医院,新潟市江南区亀田本町2丁目2番14号,37.871361,139.108063
832,よこごし野村歯科クリニック,新潟市江南区横越中央5丁目2-17,37.85313,139.15181
833,あおば歯科クリニック倉田歯科醫院,新潟市秋葉区西古津1番4号,37.773468,139.114456
834,あきはそらいろ歯科,新潟市秋葉区金沢町2丁目8番12号,37.799301,139.135971
835,五十嵐歯科医院,新潟市秋葉区出戸176番地2,37.786121,139.072021
836,五十嵐歯科クリニック,新潟市秋葉区新津本町1丁目3番23号,37.797474,139.121872
837,いの歯科医院,新潟市秋葉区秋葉3丁目4番18号,37.789909,139.135086
838,医療法人玄徳会おぎかわ歯科,新潟市秋葉区田島833番地,37.829693,139.114777
839,医療法人徳真会松村歯科新津診療所,新潟市秋葉区美幸町3丁目1番12号2,37.799885,139.114639
840,うめつ歯科医院,新潟市秋葉区古田1丁目6番41号,37.794487,139.111359
841,えんどう歯科医院,新潟市秋葉区あおば通1丁目7番11号,37.83255,139.101593
842,海津歯科医院,新潟市秋葉区新津本町3丁目12番27号,37.795361,139.12442
843,かえつ歯科,新潟市秋葉区中沢町1番25号,37.791332,139.124313
844,五三蔵井上歯科医院,新潟市秋葉区新津4513番地2,37.792881,139.113022
845,こすぎ小児歯科,新潟市秋葉区荻島1丁目15番10号,37.832829,139.118973
846,小林歯科医院,新潟市秋葉区新津本町2丁目12-6,37.799843,139.124969
847,齋藤歯科医院,新潟市秋葉区川口770番地2,37.815353,139.117874
848,笹川矯正歯科,新潟市秋葉区川口638番地3,37.814983,139.116943
849,さつき野歯科・矯正歯科医院,新潟市秋葉区さつき野2丁目11番20号,37.811142,139.115967
850,佐野歯科・矯正歯科医院,新潟市秋葉区北上2丁目1番54号,37.809719,139.125381
851,さわだ歯科医院,新潟市秋葉区古田3-5-17,37.795696,139.107529
852,澤田歯科医院,新潟市秋葉区新津本町2丁目7番3号新津ﾛｲﾔﾙｺｰﾌﾟ1F,37.798893,139.126083
853,サン歯科クリニック,新潟市秋葉区新津本町4丁目17番58号,37.794514,139.127747
854,渋谷歯科医院,新潟市秋葉区新栄町16番6号,37.7882,139.118454
855,曽根歯科医院,新潟市秋葉区善道町1丁目6番47号,37.80294,139.123428
856,高橋歯科医院,新潟市秋葉区新津東町1丁目10番7号,37.803173,139.140533
857,たけいし歯科クリニック,新潟市秋葉区美善2丁目4-7,37.805519,139.115753
858,竹内歯科医院,新潟市秋葉区小須戸字川原3819-1,37.764103,139.073181
859,田澤歯科医院,新潟市秋葉区新津本町2丁目4番9号,37.797626,139.123825
860,とがし歯科医院,新潟市秋葉区車場3丁目7番35号,37.837727,139.108429
861,プレイス歯科クリニック,新潟市秋葉区程島2045番地1,37.789688,139.112152
862,まるやま歯科医院,新潟市秋葉区程島1876-12,37.784805,139.113129
863,三村歯科医院,新潟市秋葉区新津本町3丁目3番30号,37.796947,139.124512
864,森歯科医院,新潟市秋葉区矢代田1966番地1,37.749496,139.096298
865,森山歯科医院,新潟市秋葉区朝日221番地2,37.772888,139.118271
866,矢部歯科医院,新潟市秋葉区小須戸3741番地,37.755383,139.068176
867,渡辺歯科医院,新潟市秋葉区小須戸3430番地,37.759071,139.068954
868,あたか歯科医院,新潟市南区親和町6-18,37.766956,139.019882
869,大通り歯科,新潟市南区大通黄金3丁目1-1,37.825645,139.01944
870,久保歯科医院,新潟市南区高井興野134番地1,37.79528,139.014496
871,木暮歯科医院,新潟市南区白根3094番地,37.763054,139.013474
872,こせんだ歯科医院,新潟市南区能登507番地4,37.768112,139.029388
873,さくま歯科クリニック,新潟市南区庄瀬1073番地2,37.717873,139.038254
874,椎名歯科医院,新潟市南区臼井1378番地2,37.784229,139.052368
875,しのはら歯科,新潟市南区鯵潟441番地5,37.77631,139.016708
876,すわのき歯科クリニック,新潟市南区田中25番地,37.754993,139.018768
877,ダイセー歯科クリニック,新潟市南区上下諏訪木126番地1,37.759583,139.013153
878,滝澤歯科医院,新潟市南区月潟229番地1,37.722694,138.991989
879,竹内歯科,新潟市南区助次右ｴ門組23番地,37.760956,139.017502
880,月潟歯科クリニック,新潟市南区月潟457番地1,37.727119,138.991821
881,にへい歯科医院,新潟市南区白根ﾉ内七軒635番地,37.762672,139.019714
882,野内歯科医院,新潟市南区戸頭1399番地5,37.758133,139.018463
883,フォーラム歯科医院,新潟市南区能登2丁目10番12号,37.769997,139.015488
884,みずき歯科診療所,新潟市南区庄瀬7031番,37.717724,139.033966
885,相澤歯科医院,新潟市西区小新5丁目5番12号,37.882057,139.001617
886,あおき歯科医院,新潟市西区坂井砂山4丁目3番28号,37.86937,138.958481
887,あおやま歯科医院,新潟市西区浦山2丁目1番66号ｻﾝｼｬｲﾝ青山2F,37.90247,139.005569
888,浅妻歯科黒埼診療所,新潟市西区山田2602番地,37.863289,139.01445
889,雨田歯科医院,新潟市西区寺尾前通3丁目3番4号,37.87833,138.98172
890,あらし歯科口腔外科クリニック,新潟市西区大学南2丁目2番10号,37.866409,138.944595
891,いからし歯科,新潟市西区五十嵐2の町8254番地,37.864994,138.940002
892,池矯正歯科医院,新潟市西区寺尾東3丁目2番19号,37.873047,138.97435
893,医療法人社団ＩＤＣいしかわこどもファミリー歯科,新潟市西区坂井砂山2丁目15番17号,37.873383,138.958801
894,五十川歯科医院,新潟市西区新通南2丁目11番11号,37.859138,138.959854
895,いっせい歯科クリニック,新潟市西区青山4丁目7番1号,37.89608,138.997253
896,伊藤歯科医院,新潟市西区寺尾西1丁目5-20,37.881741,138.969711
897,いとう歯科診療室,新潟市西区内野西が丘3丁目10番15号,37.848709,138.922333
898,いのうえ歯科クリニック,新潟市西区新通西2丁目8番3号,37.861931,138.950302
899,医療法人徳真会松村歯科新潟診療所,新潟市西区小新5丁目6番9号,37.882607,139.002106
900,岩野歯科医院,新潟市西区大野町2932番地,37.845959,139.015839
901,上野歯科医院,新潟市西区寺地544番地6,37.880932,139.007736
902,おおはし歯科医院,新潟市西区寺尾西2丁目2番36号,37.879509,138.968887
903,おおぬき歯科クリニック,新潟市西区小新南2丁目1番78号,37.868259,138.993484
904,大村歯科医院,新潟市西区小針西2丁目11番8号,37.886436,138.98317
905,小畑歯科医院,新潟市西区小針西1丁目3番7号,37.887627,138.988083
906,川上歯科医院,新潟市西区寺尾西5丁目8番62号,37.882465,138.963409
907,川崎歯科医院,新潟市西区小針台1番47号,37.891827,138.989853
908,神成歯科医院,新潟市西区内野町468番地,37.857433,138.936249
909,木村歯科クリニック,新潟市西区青山1丁目23-1,37.89584,139.00206
910,桐生歯科医院,新潟市西区亀貝3163番地,37.870163,138.982666
911,きんじょう歯科こどもクリニック,新潟市西区五十嵐中島5丁目17番45号,37.848434,138.9142
912,黒川歯科医院,新潟市西区松海が丘2丁目4番9号,37.888313,138.9767
913,Ｋ・歯科クリニック,新潟市西区立仏59番地1,37.868053,139.009277
914,子田歯科医院,新潟市西区松美台4-66,37.895992,138.991852
915,小林歯科医院,新潟市西区五十嵐3の町南4番76号,37.858318,138.931854
916,さかい歯科矯正歯科クリニック,新潟市西区山田416番地1第二大鵬ﾋﾞﾙ1F,37.867413,139.016861
917,坂井輪ライト歯科,新潟市西区寺尾前通2丁目12-2,37.879726,138.983414
918,佐久間歯科医院,新潟市西区鳥原2640番地1,37.850101,139.008682
919,佐藤歯科クリニック,新潟市西区小針南台3-28,37.889797,138.99292
920,下川路歯科医院,新潟市西区みずき野2丁目14番33号,37.815639,138.903931
921,杉本歯科クリニック,新潟市西区小針1丁目4番17号,37.889374,139.003403
922,杉山歯科医院,新潟市西区鳥原151番地4,37.849709,139.012054
923,ときめきファミリー歯科・矯正歯科,新潟市西区ときめき西1丁目1番19号,37.873123,139.007843
924,せいだデンタルクリニック,新潟市西区五十嵐東3丁目13-5,37.877663,138.955185
925,たかだ歯科医院,新潟市西区赤塚4390番地,37.814632,138.883148
926,滝歯科医院,新潟市西区善久97番地,37.859234,139.017075
927,たざわ歯科医院,新潟市西区小針南21番1号,37.882931,138.988647
928,たて歯科医院,新潟市西区金巻785番地1,37.840263,139.001099
929,田辺歯科医院,新潟市西区坂井東6丁目12番33号,37.872345,138.966553
930,つちや歯科医院,新潟市西区真砂2丁目13番20号,37.890686,138.981689
931,寺尾歯科医院,新潟市西区寺尾西3丁目4番3号,37.877998,138.96582
932,なかじま歯科クリニック,新潟市西区真砂1丁目13番36号,37.893124,138.985825
933,なかじま歯科医院,新潟市西区内野西が丘3丁目13-11,37.847572,138.92276
934,西原歯科医院,新潟市西区大野町2879番地,37.847218,139.017578
935,西原歯科クリニック,新潟市西区小針南台3番6号,37.889118,138.992935
936,根津歯科医院,新潟市西区寺尾東3丁目1番12号,37.872219,138.973892
937,野田歯科医院,新潟市西区寺尾6番33号,37.881294,138.980225
938,ばばこども歯科クリニック,新潟市西区平島1丁目3-2,37.891888,139.004227
939,東青山歯科医院,新潟市西区東青山1丁目5番19号青山ﾋﾞﾙ2F,37.893433,139.002396
940,ひまわり歯科医院,新潟市西区小針4丁目39番7号,37.881973,138.99556
941,ひらの歯科医院,新潟市西区坂井東3丁目27番8号,37.87104,138.976486
942,ひろお矯正歯科クリニック,新潟市西区小新5丁目3番27号,37.882359,139.00087
943,深井・加藤歯科医院,新潟市西区寺尾西3丁目12番5号,37.876167,138.964493
944,藤巻歯科医院,新潟市西区小針1丁目29番11号,37.889915,139.001358
945,ふじわら歯科クリニック,新潟市西区上新栄町6丁目18番20号,37.880596,138.958939
946,プレール歯科,新潟市西区平島2丁目12番10号,37.892799,139.007401
947,保苅歯科医院,新潟市西区寺尾上2丁目3番70号,37.875542,138.972214
948,松木歯科医院,新潟市西区坂井1033番地1,37.869583,138.963882
949,松田歯科医院,新潟市西区小針7丁目5番13号,37.881401,138.989838
950,まつみだい歯科診療所,新潟市西区松美台5番9号,37.894127,138.993134
951,松本歯科クリニック,新潟市西区寺尾北1丁目5番16号,37.886288,138.972198
952,マルヤマデンタルクリニック,新潟市西区ときめき西3丁目6-1,37.879421,139.009781
953,三村歯科医院,新潟市西区小針が丘2番54号,37.891178,138.990784
954,みやざき歯科医院,新潟市西区寺尾朝日通11番1号,37.885101,138.98674
955,明倫短期大学附属歯科診療所,新潟市西区真砂3丁目16番10号,37.893753,138.982635
956,やかた歯科医院,新潟市西区寺地2031番地,37.882702,139.009857
957,山岸歯科医院,新潟市西区五十嵐中島2丁目1番10号,37.851089,138.925613
958,やまむろ歯科医院,新潟市西区五十嵐1の町7283番,37.874271,138.948959
959,横堀歯科医院,新潟市西区松美台2番4号,37.895824,138.994431
960,横山歯科医院,新潟市西区内野町809番地1,37.861977,138.943634
961,よしざわ歯科,新潟市西区赤塚4598番地,37.811798,138.881989
962,レオ歯科クリニック,新潟市西区坂井東5丁目25番21号,37.871353,138.97081
963,ＷｈｉｔｅＢｅｒｒｙわしざわ歯科,新潟市西区五十嵐1の町6705番地,37.868809,138.949112
964,和田歯科医院,新潟市西区青山新町1番3号,37.89341,138.997284
965,わたなべ歯科医院,新潟市西区坂井東3丁目15番22号,37.874088,138.977188
966,アサオ歯科医院,新潟市西蒲区巻甲2660番地1,37.759323,138.889725
967,医療法人玄徳会しらとり歯科,新潟市西蒲区巻甲4380番地4,37.753624,138.892212
968,きちろく歯科医院,新潟市西蒲区中之口523-1,37.717636,138.966019
969,さとう歯科医院,新潟市西蒲区魲103番地3,37.76049,138.889282
970,白石歯科医院,新潟市西蒲区巻甲2427番地6,37.754765,138.887054
971,白鳥歯科クリニック,新潟市西蒲区赤鏥437番地1,37.749802,138.891876
972,袖山歯科医院,新潟市西蒲区巻甲2920番地,37.757671,138.885971
973,高野歯科医院,新潟市西蒲区巻甲1404番地1,37.76535,138.884933
974,棚橋歯科医院,新潟市西蒲区曽根358番地,37.791279,138.916611
975,たはた歯科医院,新潟市西蒲区巻乙1594番地1,37.758278,138.879639
976,ながの歯科医院,新潟市西蒲区巻甲2679-1,37.759804,138.888809
977,西蒲原地区休日急患歯科診療所,新潟市西蒲区巻甲4363番地,37.754292,138.893143
978,のざわ歯科クリニック,新潟市西蒲区小吉1076番地1,37.704735,138.970139
979,原歯科診療所,新潟市西蒲区福島1966番地,37.726776,138.959457
980,ひらさわ歯科医院,新潟市西蒲区和納1443番地1,37.723419,138.885986
981,本間歯科医院,新潟市西蒲区和納1597番地10,37.724129,138.88121
982,松崎歯科医院,新潟市西蒲区馬堀6571番地,37.748234,138.912231
983,竹内歯科医院,新潟市西蒲区巻甲2529番地11,37.757046,138.888565
984,山添歯科医院山添矯正歯科,新潟市西蒲区巻甲2125番地,37.763336,138.887299
985,ゆう歯科医院,新潟市西蒲区巻甲4081番地5新星ﾋﾞﾙ2F,37.760113,138.893005
986,ろはすデンタル,新潟市西蒲区巻甲4476番地1,37.768574,138.880676
987,若月歯科医院,新潟市西蒲区押付1番地63,37.787754,138.918823
988,メイプル歯科クリニック,新潟市西区坂井791-2,37.867119,138.955582
989,こやま歯科クリニック,新潟市西区五十嵐中島5丁目21番5号,37.84663,138.916336
990,浅井歯科医院,新潟市中央区大島40-1,37.880009,139.022064
991,女池歯科クリニック,新潟市中央区女池2丁目3番17号,37.894272,139.046295
992,こどもみらいクリニックデンタル,新潟市中央区弁天橋通3丁目8番6号,37.890034,139.073502
993,りんご歯科医院,新潟市中央区東大通2丁目2番18号 ﾀﾁﾊﾞﾅﾋﾞﾙﾃﾞｨﾝｸﾞ1階1号室,37.915821,139.05928
994,かとう歯科,新潟市西区寺尾台2丁目5番1号,37.883209,138.977081
995,新潟西歯科クリニック,新潟市西区新通2757-3,37.86002,138.956314
996,いしざき歯科,新潟市東区大形本町5丁目3-20,37.921959,139.121353
997,関塚歯科医院,新潟市中央区西堀前通6番町905番地 第二西堀ﾋﾞﾙ4F,37.921692,139.043961
998,さつき野矯正歯科医院音の森,新潟市中央区女池6丁目5番23号,37.89212,139.040665
999,アサオ歯科医院,新潟市中央区上大川前通6番町1195番地1号,37.919506,139.047836
1000,やまざき歯科医院,新潟市秋葉区新津東町3丁目4番3号,37.804779,139.143265
1001,とうじょう歯科,新潟市西区青山7丁目2番9号,37.899254,138.995529
1002,巻口歯科医院,新潟市中央区礎町通4ﾉ町2126番地,37.922821,139.051941
1003,新潟矯正歯科クリニック,新潟市中央区万代3丁目1番1号 新潟日報ﾒﾃﾞｨｱｼｯﾌﾟ4階,37.918228,139.056274
1004,だい歯科訪問クリニック,新潟市中央区上所中3丁目14番13号 上所ﾒﾃﾞｨｶﾙｾﾝﾀｰ2階,37.902683,139.035187
1005,アルファ歯科上木戸,新潟市東区上木戸4丁目7-13,37.918579,139.10202
1006,ひなた歯科クリニック,新潟市江南区鵜ﾉ子4丁目3番3号,37.871403,139.090942
1007,アイル歯科医院,新潟市東区空港西2丁目16-23,37.947285,139.098877
1008,きらめき歯科クリニック,新潟市西区青山2丁目5番1号 ｲｵﾝ新潟青山店 2F,37.896366,139.006012
1009,かつみ歯科口腔外科,新潟市中央区米山3丁目13-15,37.907257,139.061905
1010,さかうえ矯正歯科クリニック,新潟市中央区近江3丁目32-1,37.902996,139.042725
1011,ｉ歯科,新潟市中央区東大通2丁目2-9 ﾄｰｶﾝ万代第二ﾋﾞｭｰﾊｲﾂ 207号,37.915359,139.058792
1012,医療法人ＭＡＫＩＮＧＴＨＥＲＯＡＤあゆみ歯科医院,新潟市西区小針5丁目8番15号,37.886616,138.995407
1013,たろ歯科医院,新潟市東区中野山7丁目1番2号,37.900948,139.10553
1014,うらら歯科,新潟市江南区亀田向陽1丁目3-32,37.876549,139.112946
1015,新潟歯科・矯正歯科ＨＩＤＥＮＴ,新潟市西区小針上山9番34号5,37.893429,138.992661
1016,八百板歯科医院,新潟市西蒲区魲138-1,37.76049,138.889282
1017,竹山矯正歯科クリニック,新潟市東区中野山7丁目1番18号,37.900665,139.105576
1018,みずいろ歯科,新潟市東区太平4丁目3-17,37.943867,139.109161
1019,シュウデンタルクリニック,新潟市江南区船戸山5丁目9番14号,37.867039,139.10173
1020,がじゅまる歯科,新潟市秋葉区中野4丁目5-12,37.83287,139.110016
1021,せきや歯科クリニック,新潟市中央区信濃町4番8号,37.906338,139.011566
1022,しんじょう歯科医院,新潟市江南区丸山ﾉ内善之丞組362番地8,37.880424,139.128159
1023,あきやま歯科クリニック,新潟市江南区曽野木1丁目4-9,37.867691,139.041504
1024,からさわ歯科医院,新潟市中央区笹口2丁目3番5号 ﾒｿﾞﾝ･ﾄﾞ･ｿﾚｲﾕ1階,37.909615,139.063126
1025,入船みなと歯科,新潟市中央区附船町1丁目4092番,37.935062,139.054794
1026,小飯塚歯科クリニック,新潟市北区嘉山5丁目6番8号,37.909775,139.220474
1027,八木歯科クリニック,新潟市西蒲区巻甲3232番地3,37.768574,138.880676
1028,まなぶ歯科,新潟市西区槇尾100番,37.855942,138.942139
1029,にいがたこども歯科,新潟市西区小新南2丁目9番13号,37.867401,138.990341
1030,小出歯科クリニック,新潟市東区河渡新町2丁目4番61号1,37.94783,139.111343
1031,新潟I’ｓ歯科・矯正歯科,新潟市中央区笹口2丁目1番6号,37.910046,139.063019
1032,日和が丘デンタルクリニック,新潟市西区寺尾台1丁目1番地16号,37.883163,138.979416
1033,よしぞえ歯科クリニック,新潟市江南区元町1丁目3-2,37.86512,139.109604
1034,村田歯科医院,新潟市西区青山5丁目9番34号,37.899643,138.997345
1035,ことのはデンタルクリニック,新潟市中央区女池4丁目19-3,37.895309,139.03804
1036,エムワイデンタルクリニック,新潟市東区大形本町3丁目1番2号ｲｵﾝ新潟東店2階,37.924152,139.113754
1037,みのりデンタルクリニック,新潟市中央区美の里1-14,37.884068,139.077454
1038,ｉｒｏｄｏｒｉＤＥＮＴＡＬＨＯＵＳＥ,新潟市中央区女池3丁目22番10号,37.896103,139.04274
1039,めぐりデンタルクリニック,新潟市中央区女池西2丁目6番12号,37.890907,139.036087
1040,やまざきデンタルクリニック,新潟市中央区姥ｹ山5丁目14-26,37.890427,139.078278
1041,三上歯科医院,新潟市中央区弁天橋通3丁目8番13号,37.889801,139.073837
1042,新潟駅前歯科ルミナスクリニック,新潟市中央区東大通1丁目3番1号INPEX新潟ﾋﾞﾙﾃﾞｨﾝｸﾞ1階,37.91407,139.060928
1043,廣瀬歯科医院,新潟市中央区東湊町通1ﾉ町2586番地,37.927151,139.051147
1044,不二崎歯科医院,新潟市北区松浜本町2丁目9番11号,37.949688,139.143631
1045,ひろみ歯科・矯正歯科ファミリークリニック,新潟市南区大通黄金2丁目7-2,37.8237,139.022736
